symbol,rev_growth_score,pat_growth_score,roe_score,de_score,promoter_score,pe,pb,roe_pct,de_ratio,rev_growth_pct,pat_growth_pct,promoter_pct,eps,book_value,market_cap,last_updated,source
360ONE,5,5,2,2,2,38.15,4.59,12.02,0.0,-1.17,-1.17,0.0,29.15,242.53,452053729280.0,2026-05-27,yfinance
3MINDIA,5,5,6,2,2,71.7,21.27,29.66,0.0,0.38,0.38,0.0,463.4,1562.35,374281961472.0,2026-05-27,yfinance
AAVAS,3,3,2,2,2,16.65,2.15,12.89,0.0,-1.74,-1.74,0.0,82.2,637.79,108544974848.0,2026-05-27,yfinance
ABB,7,6,4,3,3,98.24,19.52,19.87,0.1,6.1,6.1,75.0,73.48,369.78,1529766477824.0,2026-05-27,yfinance
ABBOTINDIA,3,3,6,2,2,37.91,12.34,32.57,0.0,0.45,0.45,0.0,731.67,2246.68,589349388288.0,2026-05-27,yfinance
ACC,3,3,2,2,2,12.56,1.3,10.38,0.0,0.99,0.99,0.0,113.57,1094.59,267897307136.0,2026-05-27,yfinance
ACE,3,3,5,2,2,25.97,5.36,20.65,0.0,1.27,1.27,0.0,34.9,168.99,107861950464.0,2026-05-27,yfinance
ACI,3,3,1,2,2,61.75,3.28,5.31,0.0,-0.61,-0.61,0.0,8.65,162.89,65945305088.0,2026-05-27,yfinance
ADANIENSOL,7,6,1,2,2,82.89,7.28,8.78,0.0,5.25,5.25,0.0,18.58,211.59,1850095435776.0,2026-05-27,yfinance
ADANIENT,7,6,2,2,2,40.37,4.74,11.74,0.0,0.13,0.13,0.0,73.64,626.99,4075954372608.0,2026-05-27,yfinance
ADANIGREEN,7,6,1,2,2,154.88,13.16,8.5,0.0,2.23,2.23,0.0,9.62,113.21,2454127902720.0,2026-05-27,yfinance
ADANIPORTS,7,6,2,2,2,31.38,4.37,13.93,0.0,0.73,0.73,0.0,58.14,417.25,4203573149696.0,2026-05-27,yfinance
ADANIPOWER,7,6,4,2,2,37.54,7.4,19.72,0.0,1.79,1.79,0.0,6.63,33.62,4800153387008.0,2026-05-27,yfinance
AEGISLOG,3,3,2,2,2,32.53,4.22,12.96,0.0,-0.15,-0.15,0.0,21.95,169.35,250614005760.0,2026-05-27,yfinance
AETHER,6,6,1,2,2,66.07,5.91,8.95,0.0,-0.26,-0.26,0.0,16.57,185.1,145276420096.0,2026-05-27,yfinance
AJANTPHARM,6,6,5,2,2,35.73,8.34,23.33,0.0,-2.46,-2.46,0.0,84.55,362.4,377405538304.0,2026-05-27,yfinance
ALKYLAMINE,3,3,2,2,2,48.16,5.64,11.72,0.0,-2.22,-2.22,0.0,35.13,299.78,86535733248.0,2026-05-27,yfinance
ALLCARGO,2,2,1,2,2,228.5,2.45,1.07,0.0,0.55,0.55,0.0,0.04,3.73,13689695232.0,2026-05-27,yfinance
ALOKINDS,2,2,3,2,2,0.0,-0.3,0.0,0.0,1.66,1.66,0.0,-1.5,-43.61,63952293888.0,2026-05-27,yfinance
AMBER,5,5,1,2,2,148.98,6.05,4.06,0.0,2.79,2.79,0.0,50.45,1242.28,264711782400.0,2026-05-27,yfinance
AMBUJACEM,3,3,1,2,2,24.11,1.91,7.94,0.0,2.23,2.23,0.0,19.07,240.09,1142394716160.0,2026-05-27,yfinance
ANANDRATHI,7,6,6,2,2,75.9,29.67,39.08,0.0,-0.57,-0.57,0.0,46.99,120.23,296109670400.0,2026-05-27,yfinance
ANGELONE,7,6,2,2,2,34.21,5.02,14.67,0.0,-2.18,-2.18,0.0,9.85,67.17,307298009088.0,2026-05-27,yfinance
APARINDS,7,6,5,2,2,55.49,11.11,20.03,0.0,7.1,7.1,0.0,241.94,1208.02,539299807232.0,2026-05-27,yfinance
APLLTD,3,3,2,2,2,21.97,2.61,11.89,0.0,-0.71,-0.71,0.0,34.33,288.64,148247904256.0,2026-05-27,yfinance
APOLLOHOSP,7,6,5,2,1,61.08,12.54,20.54,0.8,0.17,0.17,29.3,135.44,659.47,1189458608128.0,2026-05-27,yfinance
APTUS,5,5,4,2,2,13.94,2.6,18.61,0.0,0.96,0.96,0.0,18.84,101.22,131545120768.0,2026-05-27,yfinance
ARE&M,5,5,2,2,2,18.52,2.14,11.57,0.0,1.87,1.87,0.0,48.91,422.83,165811830784.0,2026-05-27,yfinance
ASAHIINDIA,5,5,1,2,2,75.73,6.32,8.35,0.0,3.02,3.02,0.0,12.13,145.28,234163372032.0,2026-05-27,yfinance
ASHOKLEY,5,5,6,2,2,29.06,7.62,26.21,0.0,1.92,1.92,0.0,5.63,21.48,961080066048.0,2026-05-27,yfinance
ASIANPAINT,6,6,4,3,3,66.42,13.08,19.69,0.1,0.94,0.94,52.6,40.23,204.34,2561401683968.0,2026-05-27,yfinance
ASTERDM,7,6,1,2,2,116.55,8.35,7.16,0.0,-2.16,-2.16,0.0,6.36,88.8,383179227136.0,2026-05-27,yfinance
ASTRAZEN,3,3,6,2,2,107.22,27.06,25.24,0.0,-3.51,-3.51,0.0,80.66,319.63,216200003584.0,2026-05-27,yfinance
ATGL,7,6,2,2,2,134.98,18.29,13.55,0.0,13.39,13.39,0.0,5.99,44.22,889251430400.0,2026-05-27,yfinance
AVANTIFEED,6,6,6,2,2,22.98,5.87,25.55,0.0,-3.02,-3.02,0.0,56.46,220.94,176765091840.0,2026-05-27,yfinance
AWL,2,2,1,2,2,24.03,2.39,9.96,0.0,0.21,0.21,0.0,8.05,80.79,250294140928.0,2026-05-27,yfinance
AXISBANK,6,6,2,1,0,15.44,1.88,12.2,1.1,0.37,0.37,8.4,84.45,692.12,4055235559424.0,2026-05-27,yfinance
BAJAJAUTO,3,3,3,3,3,0.0,0.0,0.0,0.1,2.03,2.03,55.2,0.0,0.0,0.0,2026-05-27,AO-FULL-quote
BAJAJFINSV,3,3,2,2,3,29.64,3.71,12.51,0.4,0.47,0.47,60.6,61.04,487.99,2891861196800.0,2026-05-27,yfinance
BAJAJHLDNG,3,3,2,2,2,12.19,1.61,13.17,0.0,-1.39,-1.39,0.0,866.03,6573.61,1174814326784.0,2026-05-27,yfinance
BAJFINANCE,5,5,4,0,3,30.52,5.08,16.64,1.8,0.1,0.1,54.7,30.51,183.37,5789775822848.0,2026-05-27,yfinance
BALRAMCHIN,5,5,1,2,2,28.52,2.59,9.07,0.0,0.1,0.1,0.0,18.59,204.87,107074117632.0,2026-05-27,yfinance
BANDHANBNK,7,6,1,2,2,27.08,1.29,4.78,0.0,2.71,2.71,0.0,7.6,158.96,331595841536.0,2026-05-27,yfinance
BANKBARODA,5,5,2,1,3,7.06,0.84,11.97,1.2,0.15,0.15,63.2,38.39,320.83,1401180651520.0,2026-05-27,yfinance
BANKINDIA,5,5,2,2,2,6.18,0.74,12.04,0.0,1.39,1.39,0.0,23.78,197.53,669242163200.0,2026-05-27,yfinance
BAYERCROP,2,2,5,2,2,30.07,6.64,22.08,0.0,2.56,2.56,0.0,153.48,695.07,207443705856.0,2026-05-27,yfinance
BBTC,3,3,4,2,2,8.62,1.52,17.65,0.0,0.22,0.22,0.0,178.16,1009.28,107211505664.0,2026-05-27,yfinance
BEL,5,5,6,3,3,50.62,12.77,25.23,0.1,-0.24,-0.24,51.1,8.28,32.82,3063528292352.0,2026-05-27,yfinance
BERGEPAINT,6,6,4,2,2,54.66,8.89,16.26,0.0,2.21,2.21,0.0,9.64,59.29,614425165824.0,2026-05-27,yfinance
BHARTIARTL,3,3,4,1,3,41.78,7.26,17.39,1.4,0.29,0.29,55.9,44.33,254.97,11282624282624.0,2026-05-27,yfinance
BHEL,7,6,1,2,2,91.82,5.62,6.12,0.0,1.1,1.1,0.0,4.6,75.17,1470649466880.0,2026-05-27,yfinance
BIKAJI,3,3,4,2,2,61.98,9.95,16.05,0.0,-0.17,-0.17,0.0,10.29,64.1,159919669248.0,2026-05-27,yfinance
BIOCON,7,6,1,2,2,152.72,2.02,1.33,0.0,-0.91,-0.91,0.0,2.83,213.54,699875000320.0,2026-05-27,yfinance
BIRLACORPN,3,3,1,2,2,13.9,1.05,7.57,0.0,0.47,0.47,0.0,72.42,956.38,77502029824.0,2026-05-27,yfinance
BLS,3,3,6,2,2,15.92,4.42,27.8,0.0,-0.19,-0.19,0.0,16.64,59.86,109036380160.0,2026-05-27,yfinance
BLUESTARCO,3,3,4,2,2,64.73,9.92,15.33,0.0,0.99,0.99,0.0,25.6,167.0,340687552512.0,2026-05-27,yfinance
BORORENEW,3,3,2,2,2,53.54,6.05,11.3,0.0,-0.37,-0.37,0.0,9.48,83.87,71207747584.0,2026-05-27,yfinance
BOSCHLTD,5,5,4,2,2,38.38,7.16,18.65,0.0,0.56,0.56,0.0,938.88,5033.04,1062803341312.0,2026-05-27,yfinance
BPCL,3,3,6,2,3,5.08,1.31,25.81,0.5,0.84,0.84,52.5,60.49,234.37,1312324452352.0,2026-05-27,yfinance
BRITANNIA,2,2,6,2,3,50.74,25.17,49.61,0.4,-0.05,-0.05,50.6,105.16,211.99,1285152702464.0,2026-05-27,yfinance
CANBK,5,5,4,2,2,5.6,1.03,18.47,0.0,0.76,0.76,0.0,23.95,129.69,1216918585344.0,2026-05-27,yfinance
CANFINHOME,5,5,4,2,2,10.22,1.85,18.15,0.0,-0.79,-0.79,0.0,81.52,449.13,110910734336.0,2026-05-27,yfinance
CAPLIPOINT,5,5,4,2,2,24.06,4.38,18.2,0.0,-0.61,-0.61,0.0,84.08,462.02,153794461696.0,2026-05-27,yfinance
CARBORUNIV,6,6,1,2,2,100.19,5.02,5.01,0.0,-0.8,-0.8,0.0,10.33,206.19,197160779776.0,2026-05-27,yfinance
CASTROLIND,3,3,6,2,2,19.11,9.65,50.49,0.0,0.73,0.73,0.0,9.7,19.21,183353606144.0,2026-05-27,yfinance
CCL,6,6,4,2,2,36.74,6.08,16.56,0.0,0.67,0.67,0.0,29.15,176.05,142655438848.0,2026-05-27,yfinance
CGCL,6,6,2,2,2,18.78,2.54,13.53,0.0,-0.47,-0.47,0.0,10.11,74.72,182713040896.0,2026-05-27,yfinance
CIEINDIA,5,5,2,2,2,20.07,2.33,11.6,0.0,0.12,0.12,0.0,22.81,196.62,173653131264.0,2026-05-27,yfinance
CIPLA,5,5,2,3,1,29.52,3.48,11.79,0.2,0.05,0.05,33.5,48.05,407.53,1145622757376.0,2026-05-27,yfinance
COALINDIA,6,6,6,3,3,9.18,2.4,26.1,0.1,1.07,1.07,63.1,50.44,193.28,2853651349504.0,2026-05-27,yfinance
COLPAL,5,5,6,2,2,42.77,35.84,83.81,0.0,0.5,0.5,0.0,48.81,58.24,567742758912.0,2026-05-27,yfinance
CONCOR,3,3,1,2,2,28.85,2.81,9.75,0.0,-0.76,-0.76,0.0,16.37,167.9,359712129024.0,2026-05-27,yfinance
CRISIL,2,2,6,2,2,34.72,9.61,27.69,0.0,-0.71,-0.71,0.0,114.85,414.8,291591323648.0,2026-05-27,yfinance
CSBBANK,2,2,2,2,2,10.14,1.31,12.93,0.0,1.63,1.63,0.0,36.48,282.13,62715179008.0,2026-05-27,yfinance
DABUR,3,3,4,3,3,41.83,6.91,16.53,0.2,-0.48,-0.48,67.6,10.65,64.44,790090285056.0,2026-05-27,yfinance
DIVISLAB,7,6,4,3,3,70.39,11.7,16.62,0.1,0.66,0.66,51.8,96.57,580.95,1804522618880.0,2026-05-27,yfinance
DLF,3,3,1,2,3,33.35,3.24,9.7,0.4,0.7,0.7,74.1,17.81,183.53,1470087692288.0,2026-05-27,yfinance
DMART,5,5,2,3,3,90.55,10.97,12.12,0.2,0.51,0.51,74.7,45.55,375.95,2689784086528.0,2026-05-27,yfinance
DRREDDY,6,6,2,3,1,26.21,2.92,11.13,0.3,-0.67,-0.67,26.7,50.33,452.27,1098192584704.0,2026-05-27,yfinance
EICHERMOT,6,6,5,3,2,36.98,8.11,21.93,0.1,0.58,0.58,49.5,200.63,915.03,2036497252352.0,2026-05-27,yfinance
ETERNAL,3,3,1,3,1,641.27,7.58,1.18,0.1,2.53,2.53,22.1,0.4,33.83,2358325280768.0,2026-05-27,yfinance
GODREJCP,3,3,2,2,2,57.51,8.44,14.67,0.0,1.22,1.22,0.0,18.16,123.79,1068676677632.0,2026-05-27,yfinance
GODREJPROP,3,3,1,2,3,29.12,2.81,9.66,0.8,1.61,1.61,58.5,61.43,636.08,538740162560.0,2026-05-27,yfinance
GRASIM,7,6,1,2,3,43.36,2.16,4.98,0.6,0.16,0.16,56.6,73.11,1468.67,2149807816704.0,2026-05-27,yfinance
HAL,5,5,5,3,3,32.36,7.19,22.22,0.1,-0.33,-0.33,71.6,136.37,613.65,2951303921664.0,2026-05-27,yfinance
HAVELLS,2,2,4,3,3,45.02,8.03,17.84,0.1,0.83,0.83,61.5,26.9,150.74,759608049664.0,2026-05-27,yfinance
HCLTECH,2,2,5,3,3,18.99,4.21,22.17,0.1,0.28,0.28,60.4,61.35,276.68,3152626057216.0,2026-05-27,yfinance
HDFCBANK,2,2,2,1,1,16.94,1.99,11.76,0.9,-2.6,-2.6,25.7,44.79,380.71,11680346013696.0,2026-05-27,yfinance
HDFCLIFE,3,3,2,3,3,68.88,7.4,10.74,0.1,-1.49,-1.49,50.3,8.85,82.42,1315157835776.0,2026-05-27,yfinance
HEROMOTOCO,5,5,6,3,1,17.71,4.7,26.52,0.1,1.85,1.85,34.8,286.52,1080.26,1015471669248.0,2026-05-27,yfinance
HINDALCO,7,6,1,2,1,19.11,1.89,9.9,0.6,4.16,4.16,34.6,60.16,607.5,2570905190400.0,2026-05-27,yfinance
HINDUNILVR,3,3,5,3,3,48.54,10.6,21.84,0.1,-0.5,-0.5,61.9,45.29,207.37,5165341474816.0,2026-05-27,yfinance
ICICIBANK,3,3,2,2,1,17.01,2.51,14.76,0.8,-0.5,-0.5,30.2,74.83,506.99,9124401119232.0,2026-05-27,yfinance
ICICIPRULI,2,2,2,2,2,47.19,5.55,11.77,0.0,0.04,0.04,0.0,11.08,94.17,757660385280.0,2026-05-27,yfinance
INDIGO,3,3,6,1,2,55.13,18.85,34.19,1.2,1.99,1.99,36.6,82.89,242.43,1766976782336.0,2026-05-27,yfinance
INDUSINDBK,7,6,1,1,0,82.0,1.1,1.35,1.0,0.0,0.0,16.2,11.37,844.19,726360588288.0,2026-05-27,yfinance
INDUSTOWER,6,6,4,2,2,16.11,2.9,18.01,0.0,0.69,0.69,0.0,27.08,150.33,1150474125312.0,2026-05-27,yfinance
INFY,2,2,6,3,0,15.14,4.99,32.94,0.1,-0.67,-0.67,14.9,76.6,232.54,4694938222592.0,2026-05-27,yfinance
IOC,3,3,4,2,2,4.71,0.9,19.18,0.0,1.1,1.1,0.0,30.57,159.42,2032611098624.0,2026-05-27,yfinance
ITC,2,2,6,3,3,17.69,5.05,28.51,0.1,-3.22,-3.22,57.8,16.5,57.87,3657978347520.0,2026-05-27,yfinance
JIOFIN,2,2,1,2,2,100.78,1.15,1.14,0.0,0.92,0.92,0.0,2.41,211.44,1603837100032.0,2026-05-27,yfinance
JSWSTEEL,7,6,5,2,2,14.36,3.19,22.25,0.8,1.21,1.21,41.1,91.2,409.93,3195521466368.0,2026-05-27,yfinance
KOTAKBANK,5,5,2,2,3,20.05,2.13,10.65,0.6,0.01,0.01,72.6,19.39,182.12,3866191200256.0,2026-05-27,yfinance
LICI,5,5,6,2,2,9.13,4.31,47.2,0.0,-2.91,-2.91,0.0,90.88,192.55,5249748172800.0,2026-05-27,yfinance
LODHA,3,3,2,2,2,26.97,3.96,14.69,0.0,2.21,2.21,0.0,34.25,233.12,922647986176.0,2026-05-27,yfinance
LT,6,6,2,2,3,34.69,5.09,14.69,0.8,0.24,0.24,51.9,116.69,794.47,5568017203200.0,2026-05-27,yfinance
LTIM,3,3,3,3,3,0.0,0.0,0.0,0.1,0.46,0.46,68.7,0.0,0.0,0.0,2026-05-27,AO-FULL-quote
LUPIN,6,6,5,3,2,19.54,4.63,23.71,0.3,0.46,0.46,46.7,116.47,491.29,1040806182912.0,2026-05-27,yfinance
M&M,3,3,4,2,3,20.5,3.75,18.28,0.4,0.46,0.46,58.9,152.26,833.12,3748299538432.0,2026-05-27,yfinance
MAHABANK,7,6,5,2,2,8.78,1.85,21.1,0.0,-0.12,-0.12,0.0,9.12,43.22,615939702784.0,2026-05-27,yfinance
MARICO,7,6,6,3,3,61.26,25.47,41.58,0.1,0.46,0.46,59.2,13.61,32.73,1080440324096.0,2026-05-27,yfinance
MARUTI,3,3,2,3,3,28.66,3.92,13.68,0.1,1.18,1.18,58.2,466.24,3408.27,4201675751424.0,2026-05-27,yfinance
MOTHERSON,7,6,2,2,1,39.02,4.07,10.42,0.8,4.85,4.85,34.7,3.65,35.02,1499752562688.0,2026-05-27,yfinance
NAUKRI,2,2,1,2,2,44.98,1.34,2.98,0.0,2.54,2.54,0.0,22.36,751.29,651397169152.0,2026-05-27,yfinance
NESTLEIND,7,6,6,3,3,78.69,53.38,67.83,0.1,-0.08,-0.08,62.8,18.14,26.74,2752668762112.0,2026-05-27,yfinance
NTPC,7,6,2,1,3,13.08,1.9,14.53,1.2,2.17,2.17,51.1,30.44,209.44,3860727857152.0,2026-05-27,yfinance
ONGC,5,5,2,2,3,8.32,0.93,11.14,0.4,-4.68,-4.68,58.9,32.92,295.5,3447625351168.0,2026-05-27,yfinance
PFC,6,6,4,2,2,5.52,1.08,19.5,0.0,-0.05,-0.05,0.0,78.5,402.63,1430593994752.0,2026-05-27,yfinance
PIDILITIND,6,6,6,3,3,61.82,15.78,25.52,0.1,0.15,0.15,69.9,23.95,93.85,1507019980800.0,2026-05-27,yfinance
POWERGRID,6,6,4,1,3,14.91,2.78,18.62,1.4,2.6,2.6,51.3,20.13,108.09,2791576174592.0,2026-05-27,yfinance
RELIANCE,2,2,1,2,3,22.63,2.02,8.93,0.6,-0.43,-0.43,50.3,59.68,668.0,18275603841024.0,2026-05-27,yfinance
SBILIFE,3,3,2,3,3,75.58,9.83,13.01,0.1,-0.99,-0.99,55.5,24.67,189.62,1870413299712.0,2026-05-27,yfinance
SBIN,5,5,2,1,3,10.62,1.51,14.21,1.3,-0.07,-0.07,57.5,91.14,641.36,8933391466496.0,2026-05-27,yfinance
SHRIRAMFIN,6,6,4,0,1,18.1,2.75,15.19,2.4,1.16,1.16,25.4,53.23,350.44,2266246414336.0,2026-05-27,yfinance
SIEMENS,7,6,2,2,3,81.76,10.43,12.76,0.0,5.48,5.48,75.0,47.44,371.81,1381284577280.0,2026-05-27,yfinance
SUNPHARMA,7,6,2,3,3,38.54,5.68,14.75,0.2,0.19,0.19,54.5,47.86,324.46,4425093480448.0,2026-05-27,yfinance
TATACHEM,5,5,3,2,2,0.0,0.88,0.0,0.0,-1.19,-1.19,0.0,-74.39,876.78,197321474048.0,2026-05-27,yfinance
TATACONSUM,6,6,1,3,1,77.42,5.86,7.57,0.3,1.43,1.43,34.7,15.56,205.42,1192030371840.0,2026-05-27,yfinance
TATAMOTORS,3,3,3,1,2,0.0,0.0,0.0,1.2,3.98,3.98,46.4,0.0,0.0,0.0,2026-05-27,AO-FULL-quote
TATASTEEL,7,6,1,1,1,29.21,2.82,9.64,1.4,2.01,2.01,33.2,7.35,76.22,2677705801728.0,2026-05-27,yfinance
TCS,2,2,6,3,3,16.78,7.28,43.39,0.1,0.35,0.35,71.7,136.12,313.73,8264435105792.0,2026-05-27,yfinance
TECHM,3,3,4,3,2,26.9,4.69,17.44,0.2,-0.21,-0.21,35.2,54.12,310.38,1289251848192.0,2026-05-27,yfinance
TITAN,6,6,6,3,3,72.51,28.66,39.53,0.1,0.78,0.78,52.9,57.07,144.38,3670504374272.0,2026-05-27,yfinance
TRENT,3,3,5,3,2,87.91,21.62,24.6,0.1,0.21,0.21,37.0,48.33,196.47,1510324043776.0,2026-05-27,yfinance
ULTRACEMCO,5,5,2,3,3,42.08,4.77,11.34,0.3,0.57,0.57,59.7,277.79,2448.89,3438548877312.0,2026-05-27,yfinance
VEDL,2,2,4,2,2,19.78,3.45,17.42,0.0,2.84,2.84,0.0,17.93,102.93,1385033236480.0,2026-05-27,yfinance
WIPRO,2,2,2,3,3,16.04,2.4,14.97,0.2,-1.06,-1.06,72.9,12.57,83.95,2114647752704.0,2026-05-27,yfinance
AARTIIND,7,6,1,2,2,43.39,3.04,7.0,0.0,1.99,1.99,0.0,11.54,164.74,181804548096.0,2026-05-27,yfinance
ABCAPITAL,7,6,2,2,2,25.64,2.78,10.83,0.0,0.51,0.51,0.0,14.23,131.39,956335325184.0,2026-05-27,yfinance
ABFRL,3,3,3,2,2,0.0,1.24,0.0,0.0,-1.25,-1.25,0.0,-6.38,51.53,77921787904.0,2026-05-27,yfinance
ABREL,2,2,3,2,2,0.0,3.74,0.0,0.0,-1.25,-1.25,0.0,-29.56,334.58,138531930112.0,2026-05-27,yfinance
AFFLE,3,3,2,2,2,45.8,5.68,12.4,0.0,-0.61,-0.61,0.0,32.25,260.06,207754330112.0,2026-05-27,yfinance
AIAENG,7,6,4,2,2,32.58,5.61,17.21,0.0,6.87,6.87,0.0,135.9,789.43,413231939584.0,2026-05-27,yfinance
ALIVUS,6,6,4,2,2,23.31,3.95,16.94,0.0,-1.87,-1.87,0.0,45.92,271.02,131368034304.0,2026-05-27,yfinance
ALKEM,6,6,4,2,2,27.46,4.88,17.78,0.0,1.33,1.33,0.0,198.52,1116.26,651808604160.0,2026-05-27,yfinance
APLAPOLLO,5,5,5,2,2,43.14,9.79,22.7,0.0,-0.34,-0.34,0.0,43.29,190.73,518582566912.0,2026-05-27,yfinance
APOLLOTYRE,2,2,1,2,2,18.45,1.51,8.2,0.0,1.65,1.65,0.0,21.67,264.12,252874375168.0,2026-05-27,yfinance
ASTRAL,6,6,2,2,2,80.37,10.58,13.17,0.0,1.25,1.25,0.0,19.89,151.08,429464158208.0,2026-05-27,yfinance
ATUL,6,6,2,2,2,30.42,3.31,10.89,0.0,-0.22,-0.22,0.0,230.19,2113.36,206165901312.0,2026-05-27,yfinance
AUBANK,7,6,2,1,1,28.71,3.76,13.1,1.0,-0.67,-0.67,25.2,35.01,267.24,752100573184.0,2026-05-27,yfinance
AUROPHARMA,6,6,1,2,3,23.79,2.2,9.25,0.4,-1.73,-1.73,52.1,60.35,652.31,826185154560.0,2026-05-27,yfinance
BALKRISIND,3,3,2,2,2,34.12,3.87,11.35,0.0,-0.36,-0.36,0.0,64.32,566.68,424273215488.0,2026-05-27,yfinance
BATAINDIA,2,2,2,2,2,50.08,5.84,11.67,0.0,-0.87,-0.87,0.0,13.83,118.5,89018171392.0,2026-05-27,yfinance
BDL,2,2,2,2,3,81.0,11.14,13.76,0.0,-3.59,-3.59,86.0,15.83,115.06,470006398976.0,2026-05-27,yfinance
BEML,5,5,1,3,3,61.33,5.45,8.89,0.3,-0.66,-0.66,54.0,29.88,336.14,152635424768.0,2026-05-27,yfinance
BHARATFORG,7,6,2,2,2,85.82,9.68,11.28,0.6,0.42,0.42,45.4,22.59,200.19,926822629376.0,2026-05-27,yfinance
BSE,7,6,6,2,3,80.4,21.94,27.29,0.0,-3.52,-3.52,51.0,52.84,193.6,1725398777856.0,2026-05-27,yfinance
CAMS,6,6,6,2,2,41.2,14.77,35.85,0.0,1.79,1.79,0.0,19.1,53.28,195163799552.0,2026-05-27,yfinance
CDSL,2,2,5,2,3,56.98,13.26,23.28,0.0,1.43,1.43,68.6,21.83,93.77,259954212864.0,2026-05-27,yfinance
CELLO,2,2,2,2,2,28.19,3.8,13.48,0.0,-1.6,-1.6,0.0,13.97,103.61,86984523776.0,2026-05-27,yfinance
CENTRALBK,2,2,2,2,2,6.17,0.72,11.66,0.0,-0.58,-0.58,0.0,5.0,42.89,279145218048.0,2026-05-27,yfinance
CERA,5,5,2,2,2,36.57,5.08,13.89,0.0,0.95,0.95,0.0,158.51,1141.53,74746961920.0,2026-05-27,yfinance
CGPOWER,7,6,4,3,3,120.78,18.48,15.3,0.1,6.33,6.33,58.0,7.74,50.59,1472270041088.0,2026-05-27,yfinance
CHALET,3,3,4,2,2,27.12,4.73,17.46,0.0,1.42,1.42,0.0,29.5,168.98,175173402624.0,2026-05-27,yfinance
CHAMBLFERT,3,3,4,2,2,9.81,1.84,18.74,0.0,0.04,0.04,0.0,48.75,260.11,191571886080.0,2026-05-27,yfinance
CHEMPLASTS,2,2,3,2,2,0.0,2.0,0.0,0.0,-3.69,-3.69,0.0,-18.07,110.97,35136688128.0,2026-05-27,yfinance
CHENNPETRO,7,6,6,2,2,5.05,1.41,27.93,0.0,3.27,3.27,0.0,208.35,746.0,156818587648.0,2026-05-27,yfinance
CHOLAFIN,5,5,4,0,3,25.51,4.41,17.3,2.2,0.76,0.76,51.8,61.91,357.87,1345990688768.0,2026-05-27,yfinance
CHOLAHLDNG,3,3,4,2,2,12.59,1.99,15.8,0.0,-0.93,-0.93,0.0,130.04,822.93,307372916736.0,2026-05-27,yfinance
COCHINSHIP,3,3,2,2,2,56.09,7.03,12.54,0.0,-0.15,-0.15,0.0,27.17,216.71,400908812288.0,2026-05-27,yfinance
COFORGE,3,3,4,3,3,31.68,4.89,15.43,0.3,-2.42,-2.42,63.1,43.82,283.96,597011922944.0,2026-05-27,yfinance
CONCORDBIO,2,2,4,2,2,37.0,6.34,17.15,0.0,-3.44,-3.44,0.0,29.72,173.32,115035979776.0,2026-05-27,yfinance
COROMANDEL,2,2,4,2,2,27.63,4.3,15.55,0.0,-0.82,-0.82,0.0,66.3,426.28,539835564032.0,2026-05-27,yfinance
CRAFTSMAN,6,6,2,2,2,53.89,6.35,11.78,0.0,0.24,0.24,0.0,161.22,1368.2,207269249024.0,2026-05-27,yfinance
CREDITACC,5,5,1,2,2,152.65,2.63,1.72,0.0,-0.76,-0.76,0.0,8.44,489.63,206247084032.0,2026-05-27,yfinance
CROMPTON,5,5,3,2,2,0.0,6.26,0.0,0.0,-0.28,-0.28,0.0,-3.76,46.06,188399566848.0,2026-05-27,yfinance
CUB,5,5,2,2,2,14.23,1.79,12.54,0.0,-0.1,-0.1,0.0,17.84,142.21,188633513984.0,2026-05-27,yfinance
CUMMINSIND,7,6,6,3,3,74.65,21.16,28.35,0.1,11.24,11.24,51.0,80.74,284.81,1670823018496.0,2026-05-27,yfinance
CYIENT,3,3,1,2,2,23.83,1.78,7.49,0.0,-0.87,-0.87,0.0,38.5,514.27,101327396864.0,2026-05-27,yfinance
DALBHARAT,2,2,1,2,2,29.43,1.89,6.43,0.0,0.36,0.36,0.0,60.89,946.26,336428793856.0,2026-05-27,yfinance
DATAPATTNS,7,6,4,2,3,85.52,13.35,15.61,0.0,0.91,0.91,51.0,48.4,309.99,231728857088.0,2026-05-27,yfinance
DCMSHRIRAM,3,3,2,2,2,19.72,2.18,11.07,0.0,-0.79,-0.79,0.0,54.72,494.3,167125893120.0,2026-05-27,yfinance
DEEPAKFERT,6,6,2,2,2,20.91,2.81,13.42,0.0,-0.03,-0.03,0.0,69.25,516.1,183014916096.0,2026-05-27,yfinance
DEEPAKNTR,5,5,1,2,2,42.44,4.01,9.45,0.0,-0.71,-0.71,0.0,40.41,427.63,233886793728.0,2026-05-27,yfinance
DELHIVERY,6,6,1,2,2,231.03,3.54,1.53,0.0,-0.81,-0.81,0.0,1.99,129.79,344222859264.0,2026-05-27,yfinance
DEVYANI,3,3,3,2,2,0.0,9.54,0.0,0.0,0.66,0.66,0.0,-0.31,12.28,144451223552.0,2026-05-27,yfinance
DIXON,3,3,6,2,1,43.6,13.1,30.04,0.6,0.71,0.71,34.7,269.65,897.73,713421619200.0,2026-05-27,yfinance
DOMS,3,3,4,2,2,58.31,10.99,18.85,0.0,0.3,0.3,0.0,37.89,201.01,134084804608.0,2026-05-27,yfinance
EASEMYTRIP,3,3,3,2,2,0.0,3.11,0.0,0.0,-7.37,-7.37,0.0,-0.27,2.38,26949081088.0,2026-05-27,yfinance
EIDPARRY,2,2,2,2,2,11.14,1.53,13.73,0.0,-2.77,-2.77,0.0,66.75,486.25,132270227456.0,2026-05-27,yfinance
EIHOTEL,3,3,2,2,2,31.2,4.16,13.34,0.0,-2.09,-2.09,0.0,10.04,75.28,195864068096.0,2026-05-27,yfinance
ELECON,5,5,2,2,2,35.09,5.13,14.63,0.0,1.44,1.44,0.0,15.18,103.76,119537852416.0,2026-05-27,yfinance
ELGIEQUIP,7,6,5,2,2,45.22,9.09,20.11,0.0,2.65,2.65,0.0,12.78,63.54,182178054144.0,2026-05-27,yfinance
EMAMILTD,2,2,6,2,2,22.54,5.98,26.53,0.0,-0.85,-0.85,0.0,17.77,66.98,174796423168.0,2026-05-27,yfinance
ENDURANCE,6,6,2,3,3,40.57,5.65,13.94,0.3,0.61,0.61,70.2,67.78,486.24,386752512000.0,2026-05-27,yfinance
ENGINERSIN,6,6,6,2,2,19.04,4.85,25.5,0.0,1.69,1.69,0.0,12.31,48.28,131742728192.0,2026-05-27,yfinance
EPL,5,5,2,2,2,17.74,2.41,13.58,0.0,-1.69,-1.69,0.0,12.14,89.42,68985036800.0,2026-05-27,yfinance
EQUITASBNK,7,6,1,2,2,80.2,1.35,1.68,0.0,2.89,2.89,0.0,0.9,53.56,82398740480.0,2026-05-27,yfinance
ERIS,3,3,4,2,2,29.88,5.95,19.93,0.0,-0.78,-0.78,0.0,45.2,226.84,187176665088.0,2026-05-27,yfinance
ESCORTS,2,2,2,2,2,23.22,2.67,11.48,0.0,-2.01,-2.01,0.0,124.05,1080.34,316922888192.0,2026-05-27,yfinance
EXIDEIND,6,6,1,2,2,39.26,2.41,6.14,0.0,7.62,7.62,0.0,10.04,163.43,335027503104.0,2026-05-27,yfinance
FACT,5,5,1,2,2,2052.0,43.45,2.12,0.0,2.21,2.21,0.0,0.45,21.25,597506326528.0,2026-05-27,yfinance
FDC,5,5,1,2,2,32.3,2.86,8.87,0.0,6.55,6.55,0.0,13.3,149.97,69935071232.0,2026-05-27,yfinance
FEDERALBNK,7,6,2,1,1,16.54,1.78,10.75,0.9,-0.45,-0.45,24.1,17.47,162.44,711947190272.0,2026-05-27,yfinance
FINCABLES,7,6,2,2,2,26.44,3.16,11.95,0.0,8.39,8.39,0.0,44.53,372.71,180047839232.0,2026-05-27,yfinance
FINEORG,5,5,4,2,2,34.43,5.79,16.81,0.0,1.24,1.24,0.0,135.83,807.89,143405891584.0,2026-05-27,yfinance
FIVESTAR,3,3,2,2,2,12.21,1.81,14.86,0.0,-0.15,-0.15,0.0,37.23,250.51,134144450560.0,2026-05-27,yfinance
FLUOROCHEM,6,6,1,2,2,70.51,5.31,7.52,0.0,-2.7,-2.7,0.0,52.22,694.04,404478689280.0,2026-05-27,yfinance
FORTIS,6,6,2,2,2,69.53,7.33,10.54,0.0,-0.59,-0.59,0.0,13.82,131.07,725439283200.0,2026-05-27,yfinance
FSL,3,3,4,2,2,27.75,4.18,15.05,0.0,-4.59,-4.59,0.0,9.55,63.45,182924165120.0,2026-05-27,yfinance
GAEL,6,6,1,2,2,24.2,2.23,9.23,0.0,-1.21,-1.21,0.0,6.63,71.83,73602883584.0,2026-05-27,yfinance
GAIL,5,5,1,2,2,14.66,1.26,8.6,0.0,0.82,0.82,0.0,11.53,134.06,1111188439040.0,2026-05-27,yfinance
GESHIP,6,6,4,2,2,7.35,1.27,17.31,0.0,-8.44,-8.44,0.0,205.68,1188.08,215764025344.0,2026-05-27,yfinance
GICRE,5,5,1,2,2,7.09,0.69,9.71,0.0,-0.72,-0.72,0.0,55.08,567.46,685268664320.0,2026-05-27,yfinance
GILLETTE,3,3,6,2,2,50.41,23.19,46.01,0.0,4.85,4.85,0.0,164.13,356.74,269593788416.0,2026-05-27,yfinance
GLAND,7,6,2,2,2,37.12,3.98,10.73,0.0,0.22,0.22,0.0,62.31,580.47,381081583616.0,2026-05-27,yfinance
GLAXO,2,2,6,2,2,38.25,22.78,59.55,0.0,0.6,0.6,0.0,60.03,100.81,388990107648.0,2026-05-27,yfinance
GLENMARK,7,6,2,2,2,62.99,7.02,11.15,0.0,1.42,1.42,0.0,37.86,339.57,673020641280.0,2026-05-27,yfinance
GMDCLTD,7,6,2,2,2,23.24,3.15,13.53,0.0,0.86,0.86,0.0,30.08,222.29,222313791488.0,2026-05-27,yfinance
GMMPFAUDLR,2,2,1,2,2,61.4,3.01,4.9,0.0,-1.16,-1.16,0.0,12.82,261.66,35388080128.0,2026-05-27,yfinance
GMRINFRASTRUCT,3,3,3,2,2,0.0,0.0,0.0,0.0,0.0,0.0,0.0,0.0,0.0,0.0,2026-05-27,neutral-fallback
GNFC,6,6,1,2,2,9.39,0.88,9.34,0.0,-0.21,-0.21,0.0,54.98,588.45,75843436544.0,2026-05-27,yfinance
GODFRYPHLP,3,3,5,2,2,23.6,5.8,24.58,0.0,0.54,0.54,0.0,97.91,398.29,360458223616.0,2026-05-27,yfinance
GODREJIND,6,6,2,2,2,30.78,3.67,11.93,0.0,-0.56,-0.56,0.0,36.84,308.82,381970350080.0,2026-05-27,yfinance
GPIL,6,6,2,2,2,22.38,3.3,14.77,0.0,-1.26,-1.26,0.0,12.59,85.27,183233658880.0,2026-05-27,yfinance
GPPL,3,3,5,2,2,15.88,3.21,20.22,0.0,-0.3,-0.3,0.0,10.02,49.54,76949708800.0,2026-05-27,yfinance
GRANULES,7,6,2,2,2,32.03,3.77,11.77,0.0,3.45,3.45,0.0,24.43,207.62,193925873664.0,2026-05-27,yfinance
GRAPHITE,7,6,1,2,2,44.29,2.5,5.64,0.0,-1.21,-1.21,0.0,16.86,298.79,145906499584.0,2026-05-27,yfinance
GRSE,5,5,6,2,2,44.07,11.57,26.24,0.0,-0.41,-0.41,0.0,60.17,229.27,303734620160.0,2026-05-27,yfinance
GSFC,3,3,1,2,2,10.02,0.54,5.4,0.0,-0.06,-0.06,0.0,16.88,312.72,67426385920.0,2026-05-27,yfinance
GSPL,5,5,1,2,2,14.85,1.31,8.82,0.0,3.22,3.22,0.0,18.65,211.55,156286550016.0,2026-05-27,yfinance
GUJGASLTD,3,3,2,2,2,21.92,2.92,13.3,0.0,-0.46,-0.46,0.0,16.87,126.83,254566662144.0,2026-05-27,yfinance
HAPPYFORGE,7,6,4,2,2,44.31,6.82,15.39,0.0,2.36,2.36,0.0,31.98,207.84,133685174272.0,2026-05-27,yfinance
HBLENGINE,5,5,6,2,2,27.79,11.42,41.12,0.0,2.26,2.26,0.0,29.42,71.56,226606874624.0,2026-05-27,yfinance
HDFCAMC,6,6,6,2,2,40.8,12.6,30.9,0.0,-0.86,-0.86,0.0,66.58,215.5,1164350849024.0,2026-05-27,yfinance
HEG,5,5,1,2,2,29.3,2.4,8.18,0.0,-1.27,-1.27,0.0,19.79,241.88,111878725632.0,2026-05-27,yfinance
HFCL,7,6,1,2,2,483.11,5.25,1.09,0.0,7.49,7.49,0.0,0.36,33.15,266143449088.0,2026-05-27,yfinance
HINDCOPPER,6,6,6,2,2,58.4,16.08,27.54,0.0,-0.12,-0.12,0.0,9.51,34.53,537036750848.0,2026-05-27,yfinance
HINDPETRO,5,5,6,2,2,4.75,1.31,27.53,0.0,1.23,1.23,0.0,84.81,308.04,857299681280.0,2026-05-27,yfinance
HINDZINC,6,6,6,2,2,19.81,12.12,61.18,0.0,0.22,0.22,0.0,32.76,53.55,2741598158848.0,2026-05-27,yfinance
HOMEFIRST,3,3,2,2,2,21.65,2.67,12.34,0.0,2.85,2.85,0.0,51.63,418.49,116774133760.0,2026-05-27,yfinance
HONASA,7,6,4,2,2,68.4,10.71,15.66,0.0,6.05,6.05,0.0,6.14,39.2,136686780416.0,2026-05-27,yfinance
HONAUT,6,6,2,2,2,60.91,7.64,12.54,0.0,1.71,1.71,0.0,594.02,4737.47,320097452032.0,2026-05-27,yfinance
HSCL,6,6,4,2,2,40.37,6.51,16.12,0.0,0.13,0.13,0.0,15.04,93.29,306357665792.0,2026-05-27,yfinance
HUDCO,5,5,5,2,2,10.24,2.29,22.34,0.0,-0.19,-0.19,0.0,20.15,90.2,412871884800.0,2026-05-27,yfinance
ICICIGI,5,5,4,2,2,33.5,5.74,17.13,0.0,-0.52,-0.52,0.0,55.25,322.59,923495628800.0,2026-05-27,yfinance
IDBI,3,3,2,2,2,8.51,1.15,13.55,0.0,0.75,0.75,0.0,8.64,63.77,790194028544.0,2026-05-27,yfinance
IDFCFIRSTB,5,5,1,2,2,38.02,1.31,3.45,0.0,1.79,1.79,0.0,1.88,54.48,615507820544.0,2026-05-27,yfinance
IEX,2,2,6,2,2,22.85,8.3,36.34,0.0,-0.69,-0.69,0.0,5.54,15.25,112576520192.0,2026-05-27,yfinance
IFCI,6,6,1,2,2,99.1,2.12,2.14,0.0,6.18,6.18,0.0,0.69,32.26,184237195264.0,2026-05-27,yfinance
IGL,3,3,2,2,2,14.87,2.05,13.81,0.0,-0.84,-0.84,0.0,11.07,80.15,230454247424.0,2026-05-27,yfinance
IIFL,3,3,2,2,2,12.34,1.46,11.84,0.0,0.72,0.72,0.0,38.76,327.34,203407785984.0,2026-05-27,yfinance
INDHOTEL,5,5,4,2,2,45.58,8.21,18.02,0.0,1.61,1.61,0.0,14.65,81.28,950425681920.0,2026-05-27,yfinance
INDIACEM,5,5,3,2,2,0.0,1.23,0.0,0.0,-0.99,-0.99,0.0,-2.18,326.7,186216988672.0,2026-05-27,yfinance
INDIAMART,2,2,4,2,2,25.61,5.06,19.74,0.0,-0.87,-0.87,0.0,78.87,399.51,121432793088.0,2026-05-27,yfinance
INDIANB,5,5,2,2,2,9.59,1.4,14.61,0.0,-0.02,-0.02,0.0,86.86,594.32,1122492350464.0,2026-05-27,yfinance
INDIGOPNTS,5,5,2,2,2,33.08,4.13,12.48,0.0,0.9,0.9,0.0,30.21,242.13,47639908352.0,2026-05-27,yfinance
INOXWIND,2,2,1,2,2,34.97,1.88,5.38,0.0,-0.43,-0.43,0.0,2.74,50.91,165582454784.0,2026-05-27,yfinance
INTELLECT,2,2,2,2,2,29.22,3.1,10.62,0.0,-0.06,-0.06,0.0,24.3,228.87,98752430080.0,2026-05-27,yfinance
IOB,3,3,2,2,2,12.06,1.76,14.63,0.0,0.74,0.74,0.0,2.81,19.21,652413304832.0,2026-05-27,yfinance
IPCALAB,6,6,2,2,2,43.9,4.84,11.04,0.0,-0.35,-0.35,0.0,35.82,324.6,398924513280.0,2026-05-27,yfinance
IRB,3,3,1,2,2,30.99,1.3,4.21,0.0,0.14,0.14,0.0,0.7,16.64,261971836928.0,2026-05-27,yfinance
IRCON,3,3,1,2,2,22.1,2.04,9.23,0.0,-0.41,-0.41,0.0,6.32,68.47,131352428544.0,2026-05-27,yfinance
IRCTC,2,2,6,2,3,30.05,9.81,32.65,0.0,-2.61,-2.61,67.4,17.41,53.32,418560016384.0,2026-05-27,yfinance
IREDA,3,3,2,2,2,19.04,2.7,14.19,0.0,0.51,0.51,0.0,6.84,48.2,365761921024.0,2026-05-27,yfinance
IRFC,2,2,2,2,2,18.51,2.28,12.33,0.0,-0.09,-0.09,0.0,5.36,43.46,1296265117696.0,2026-05-27,yfinance
ISEC,3,3,3,2,2,0.0,0.0,0.0,0.0,0.0,0.0,0.0,0.0,0.0,0.0,2026-05-27,neutral-fallback
ITI,5,5,3,2,2,0.0,19.25,0.0,0.0,0.37,0.37,0.0,-1.53,15.66,290203566080.0,2026-05-27,yfinance
JSPL,3,3,3,2,2,0.0,0.0,0.0,0.0,-0.1,-0.1,0.0,0.0,0.0,0.0,2026-05-27,AO-FULL-quote
JUBLFOOD,2,2,4,2,2,75.23,12.41,16.49,0.0,-0.64,-0.64,0.0,5.68,34.44,281026625536.0,2026-05-27,yfinance
KAJARIA,3,3,3,2,2,0.0,0.0,0.0,0.0,0.0,0.0,0.0,0.0,0.0,0.0,2026-05-27,neutral-fallback
KALYANKJIL,2,2,5,2,2,27.18,5.8,21.34,0.0,-0.2,-0.2,0.0,13.05,61.16,366364590080.0,2026-05-27,yfinance
KAYNES,2,2,1,2,3,59.33,4.66,7.85,0.4,-2.1,-2.1,57.8,54.43,693.34,216495128576.0,2026-05-27,yfinance
KEC,2,2,1,2,2,22.08,2.17,9.84,0.0,0.68,0.68,0.0,22.76,231.32,133765496832.0,2026-05-27,yfinance
KPITTECH,2,2,4,2,2,33.11,5.93,17.92,0.0,-1.64,-1.64,0.0,23.31,130.07,210104975360.0,2026-05-27,yfinance
LALPATHLAB,6,6,5,2,2,51.18,11.3,22.08,0.0,0.82,0.82,0.0,31.6,143.09,270036451328.0,2026-05-27,yfinance
LICHSGFIN,5,5,2,2,2,5.46,0.74,13.53,0.0,2.26,2.26,0.0,101.86,753.06,306082545664.0,2026-05-27,yfinance
LTTS,3,3,4,3,3,30.16,5.72,18.96,0.1,-1.39,-1.39,74.1,115.78,610.64,370349113344.0,2026-05-27,yfinance
M&MFIN,3,3,2,2,2,14.62,1.59,10.87,0.0,0.03,0.03,0.0,20.87,191.98,424089223168.0,2026-05-27,yfinance
MANAPPURAM,7,6,1,1,2,28.05,1.71,6.11,1.4,-0.45,-0.45,35.0,11.72,191.74,308806746112.0,2026-05-27,yfinance
MAXHEALTH,3,3,2,2,1,67.54,9.67,14.32,0.4,-0.05,-0.05,22.8,14.71,102.71,966869057536.0,2026-05-27,yfinance
MAZDOCK,3,3,6,2,3,38.38,10.15,26.45,0.0,-0.2,-0.2,84.8,63.96,241.83,990338285568.0,2026-05-27,yfinance
MCDOWELL-N,3,3,3,2,2,0.0,0.0,0.0,0.0,0.0,0.0,0.0,0.0,0.0,0.0,2026-05-27,neutral-fallback
MEDANTA,5,5,2,2,2,58.52,8.19,14.0,0.0,-1.71,-1.71,0.0,20.64,147.47,324553768960.0,2026-05-27,yfinance
MFSL,5,5,1,2,2,695.17,21.11,3.04,0.0,-2.51,-2.51,0.0,2.42,79.7,577780252672.0,2026-05-27,yfinance
MINDACORP,7,6,2,2,2,41.45,6.01,14.5,0.0,4.86,4.86,0.0,15.05,103.77,146829901824.0,2026-05-27,yfinance
MPHASIS,3,3,4,3,3,23.69,4.19,17.66,0.1,-1.43,-1.43,55.9,94.24,533.51,426075389952.0,2026-05-27,yfinance
MTARTECH,7,6,2,2,2,256.82,32.62,12.7,0.0,0.15,0.15,0.0,30.72,241.88,242677809152.0,2026-05-27,yfinance
MUTHOOTFIN,5,5,6,1,3,12.53,3.73,29.74,1.2,-0.74,-0.74,73.5,263.85,887.27,1327616098304.0,2026-05-27,yfinance
NAVINFLUOR,7,6,4,3,3,55.65,9.34,16.78,0.3,-2.05,-2.05,74.9,130.17,775.59,371541147648.0,2026-05-27,yfinance
NHPC,5,5,1,2,2,29.13,1.96,6.73,0.0,2.86,2.86,0.0,2.77,41.18,810433380352.0,2026-05-27,yfinance
NIACL,5,5,1,2,2,18.71,0.69,3.66,0.0,-1.35,-1.35,0.0,8.58,234.3,264602877952.0,2026-05-27,yfinance
NMDC,7,6,5,2,2,11.76,2.5,21.26,0.0,1.78,1.78,0.0,7.85,36.92,811308875776.0,2026-05-27,yfinance
NYKAA,6,6,2,2,2,381.38,53.13,13.93,0.0,-1.2,-1.2,0.0,0.69,4.95,753532076032.0,2026-05-27,yfinance
OBEROIRLTY,5,5,2,2,2,24.56,3.68,14.97,0.0,-0.06,-0.06,0.0,68.93,460.41,615433175040.0,2026-05-27,yfinance
PAGEIND,5,5,6,3,3,55.63,28.32,50.9,0.3,-0.42,-0.42,59.4,685.66,1347.15,425464528896.0,2026-05-27,yfinance
PAYTM,5,5,1,2,2,131.19,4.51,3.44,0.0,-0.3,-0.3,0.0,8.6,249.97,722251218944.0,2026-05-27,yfinance
PERSISTENT,3,3,5,3,1,42.85,10.18,23.75,0.1,-0.14,-0.14,31.1,118.97,500.99,796528345088.0,2026-05-27,yfinance
PGHH,3,3,6,2,2,45.94,35.26,76.74,0.0,2.45,2.45,0.0,220.17,286.89,328340340736.0,2026-05-27,yfinance
PHOENIXLTD,6,6,2,2,2,50.64,5.77,11.39,0.0,-0.76,-0.76,0.0,34.99,307.31,633667387392.0,2026-05-27,yfinance
PIIND,2,2,2,2,2,32.68,3.99,12.21,0.0,0.33,0.33,0.0,87.12,713.68,431944630272.0,2026-05-27,yfinance
PNB,3,3,2,1,3,6.67,0.82,12.35,1.4,0.72,0.72,73.2,16.0,129.54,1225952198656.0,2026-05-27,yfinance
POLICYBZR,6,6,1,2,2,123.17,11.28,9.16,0.0,-0.23,-0.23,0.0,14.49,158.22,826711277568.0,2026-05-27,yfinance
POWERINDIA,7,6,5,2,2,168.26,36.52,21.7,0.0,4.32,4.32,0.0,223.17,1028.23,1673692315648.0,2026-05-27,yfinance
PRESTIGE,5,5,1,2,2,50.43,3.7,7.34,0.0,-0.17,-0.17,0.0,27.76,378.03,602936180736.0,2026-05-27,yfinance
RADICO,7,6,4,2,2,76.28,13.88,18.2,0.0,-3.89,-3.89,0.0,45.09,247.76,460630097920.0,2026-05-27,yfinance
RECLTD,3,3,4,2,2,5.5,1.07,19.49,0.0,0.62,0.62,0.0,61.81,317.1,894506172416.0,2026-05-27,yfinance
RVNL,2,2,1,2,2,59.93,5.53,9.22,0.0,-2.87,-2.87,0.0,4.21,45.66,526050590720.0,2026-05-27,yfinance
SBICARD,2,2,2,2,2,27.47,3.79,13.78,0.0,-0.55,-0.55,0.0,22.76,165.18,594991251456.0,2026-05-27,yfinance
SCHAEFFLER,6,6,5,2,2,53.56,10.75,20.06,0.0,-0.92,-0.92,0.0,77.63,386.94,649863757824.0,2026-05-27,yfinance
SHYAMMETL,7,6,1,2,2,25.69,2.48,9.65,0.0,-0.31,-0.31,0.0,37.99,393.8,271621341184.0,2026-05-27,yfinance
SJVN,3,3,1,2,2,46.33,2.04,4.41,0.0,2.34,2.34,0.0,1.63,36.95,296778104832.0,2026-05-27,yfinance
SOLARINDS,7,6,6,2,3,100.94,26.89,26.64,0.4,0.94,0.94,74.3,184.79,693.71,1687911006208.0,2026-05-27,yfinance
SRF,3,3,2,2,3,44.23,5.78,13.06,0.6,-0.47,-0.47,50.5,61.87,473.62,811204018176.0,2026-05-27,yfinance
SUPREMEIND,3,3,4,2,2,48.47,7.48,15.44,0.0,1.78,1.78,0.0,74.99,485.62,461866041344.0,2026-05-27,yfinance
TATAELXSI,2,2,5,2,2,42.87,8.87,20.69,0.0,-0.1,-0.1,0.0,101.02,488.19,269821050880.0,2026-05-27,yfinance
TATAPOWER,6,6,1,2,2,36.39,3.59,9.88,0.8,1.15,1.15,46.9,11.7,118.48,1360575463424.0,2026-05-27,yfinance
THERMAX,7,6,2,2,2,71.86,10.24,14.25,0.0,3.49,3.49,0.0,63.88,448.41,517125013504.0,2026-05-27,yfinance
TIINDIA,7,6,1,2,2,97.82,8.26,8.44,0.0,5.64,5.64,0.0,32.82,388.7,621431750656.0,2026-05-27,yfinance
TORNTPHARM,7,6,6,2,3,70.78,18.19,25.7,0.5,1.92,1.92,71.3,64.11,249.47,1535797624832.0,2026-05-27,yfinance
TORNTPOWER,3,3,2,2,2,30.0,3.86,12.87,0.0,-1.91,-1.91,0.0,48.02,373.25,725873065984.0,2026-05-27,yfinance
UNIONBANK,5,5,2,2,2,6.63,0.98,14.83,0.0,0.69,0.69,0.0,25.45,171.66,1287941914624.0,2026-05-27,yfinance
UNITDSPR,3,3,5,2,2,54.14,11.01,20.33,0.0,0.7,0.7,0.0,24.06,118.33,947440058368.0,2026-05-27,yfinance
UNOMINDA,3,3,4,2,3,54.52,10.45,19.17,0.5,1.43,1.43,70.4,20.74,108.18,652988186624.0,2026-05-27,yfinance
VBL,7,6,4,2,3,56.86,9.23,16.24,0.8,0.6,0.6,63.3,9.4,57.89,1807837298688.0,2026-05-27,yfinance
VOLTAS,2,2,1,2,2,111.47,6.6,5.92,0.0,-0.76,-0.76,0.0,11.32,191.31,417510391808.0,2026-05-27,yfinance
AARTIPHARM,2,2,1,2,2,34.06,2.8,8.21,0.0,-5.67,-5.67,0.0,19.24,234.28,59403493376.0,2026-05-27,yfinance
ANURAS,7,6,1,2,2,89.12,4.83,5.42,0.0,-0.17,-0.17,0.0,15.35,283.05,155744485376.0,2026-05-27,yfinance
BALAMINES,7,6,1,2,2,35.35,2.91,8.24,0.0,-2.8,-2.8,0.0,51.52,625.07,59002220544.0,2026-05-27,yfinance
BLUEDART,2,2,2,2,2,45.78,6.37,13.92,0.0,-2.02,-2.02,0.0,104.25,748.92,113253425152.0,2026-05-27,yfinance
BRIGADE,2,2,1,2,2,2443.52,2.37,0.1,0.0,-1.89,-1.89,0.0,0.27,278.81,161389232128.0,2026-05-27,yfinance
BSOFT,2,2,2,2,2,17.74,2.24,12.61,0.0,1.14,1.14,0.0,18.49,146.59,91699445760.0,2026-05-27,yfinance
CAMPUS,5,5,4,2,2,51.69,8.58,16.61,0.0,1.32,1.32,0.0,4.91,29.57,77559562240.0,2026-05-27,yfinance
CARTRADE,2,2,1,2,2,38.64,3.32,8.59,0.0,1.25,1.25,0.0,44.55,518.92,82512904192.0,2026-05-27,yfinance
CEATLTD,3,3,2,2,2,19.07,2.27,11.88,0.0,-0.08,-0.08,0.0,172.82,1454.52,132937416704.0,2026-05-27,yfinance
CENTURYPLY,6,6,2,2,2,65.01,6.57,10.1,0.0,0.08,0.08,0.0,11.85,117.33,171150966784.0,2026-05-27,yfinance
CESC,6,6,2,2,2,15.98,1.94,12.11,0.0,1.66,1.66,0.0,11.63,96.0,246383771648.0,2026-05-27,yfinance
CLEAN,2,2,2,2,2,35.03,5.08,14.5,0.0,1.24,1.24,0.0,21.6,148.94,80404086784.0,2026-05-27,yfinance
ECLERX,2,2,6,2,2,20.7,5.57,26.89,0.0,-1.68,-1.68,0.0,74.45,276.88,143596666880.0,2026-05-27,yfinance
FINPIPE,5,5,2,2,2,19.81,2.01,10.12,0.0,7.74,7.74,0.0,9.69,95.72,118672990208.0,2026-05-27,yfinance
GREENPANEL,3,3,3,2,2,0.0,1.84,0.0,0.0,0.35,0.35,0.0,-2.37,108.56,24543870976.0,2026-05-27,yfinance
GRINDWELL,7,6,4,2,2,50.99,9.28,18.2,0.0,-0.06,-0.06,0.0,37.5,206.01,211729858560.0,2026-05-27,yfinance
HAPPSTMNDS,2,2,2,2,2,30.83,3.48,11.29,0.0,0.49,0.49,0.0,12.28,108.74,56889167872.0,2026-05-27,yfinance
IDEA,7,6,3,2,2,4.42,-4.29,0.0,0.0,0.28,0.28,0.0,3.21,-3.3,1536304218112.0,2026-05-27,yfinance
IFBIND,3,3,2,2,2,40.24,5.23,13.0,0.0,3.84,3.84,0.0,29.62,227.79,48298405888.0,2026-05-27,yfinance
J&KBANK,7,6,2,2,2,6.72,0.96,14.3,0.0,2.65,2.65,0.0,21.42,149.8,158438146048.0,2026-05-27,yfinance
JAIBALAJI,3,3,1,2,2,36.02,2.99,8.3,0.0,-1.13,-1.13,0.0,2.02,24.33,66375417856.0,2026-05-27,yfinance
JBCHEPHARM,7,6,4,2,2,49.58,9.06,18.27,0.0,0.65,0.65,0.0,44.46,243.38,353903476736.0,2026-05-27,yfinance
JBMA,5,5,4,2,2,69.13,10.67,15.44,0.0,0.23,0.23,0.0,9.27,60.06,151545528320.0,2026-05-27,yfinance
JINDALSAW,7,6,1,2,2,16.17,1.25,7.71,0.0,7.52,7.52,0.0,15.22,197.5,156899426304.0,2026-05-27,yfinance
JKCEMENT,2,2,4,2,2,41.21,6.32,15.33,0.0,-0.26,-0.26,0.0,128.62,838.99,409598984192.0,2026-05-27,yfinance
JKLAKSHMI,2,2,2,2,2,18.21,2.03,11.12,0.0,-1.65,-1.65,0.0,33.16,298.27,74983235584.0,2026-05-27,yfinance
JKPAPER,5,5,1,2,2,26.07,1.26,4.82,0.0,-0.91,-0.91,0.0,14.67,304.3,69345361920.0,2026-05-27,yfinance
JMFINANCIL,3,3,2,2,2,10.27,1.22,11.92,0.0,-0.76,-0.76,0.0,12.81,107.51,125775298560.0,2026-05-27,yfinance
JSL,3,3,6,2,2,18.65,13.22,70.88,0.0,-0.76,-0.76,0.0,38.72,54.63,595056590848.0,2026-05-27,yfinance
JSWENERGY,7,6,1,2,2,47.29,3.43,7.26,0.0,4.52,4.52,0.0,12.73,175.45,1103146516480.0,2026-05-27,yfinance
JSWINFRA,3,3,2,2,2,38.4,5.35,13.93,0.0,0.22,0.22,0.0,7.28,52.27,582668648448.0,2026-05-27,yfinance
JUBLINGREA,5,5,1,2,2,38.88,3.53,9.09,0.0,-2.38,-2.38,0.0,17.5,192.6,107318222848.0,2026-05-27,yfinance
JUBLPHARMA,5,5,1,2,2,39.48,2.38,6.04,0.0,0.66,0.66,0.0,25.12,415.87,157080469504.0,2026-05-27,yfinance
JUSTDIAL,2,2,1,2,2,9.14,0.89,9.74,0.0,0.39,0.39,0.0,58.46,600.45,45458706432.0,2026-05-27,yfinance
JWL,3,3,1,2,2,51.47,4.53,8.8,0.0,3.02,3.02,0.0,5.8,65.94,127570067456.0,2026-05-27,yfinance
JYOTHYLAB,2,2,5,2,2,22.43,5.33,23.75,0.0,1.78,1.78,0.0,9.3,39.16,76600942592.0,2026-05-27,yfinance
KANSAINER,5,5,1,2,2,30.03,2.63,8.75,0.0,0.27,0.27,0.0,7.27,83.12,176562454528.0,2026-05-27,yfinance
KARURVYSYA,6,6,4,2,2,11.33,2.22,19.6,0.0,0.24,0.24,0.0,25.96,132.43,284234285056.0,2026-05-27,yfinance
KEI,7,6,2,2,2,56.71,7.81,13.77,0.0,2.65,2.65,0.0,96.03,697.18,520659959808.0,2026-05-27,yfinance
KFINTECH,2,2,5,2,2,42.22,8.75,20.73,0.0,1.33,1.33,0.0,20.09,96.9,146403475456.0,2026-05-27,yfinance
KIMS,7,6,2,2,2,129.23,13.99,10.83,0.0,2.18,2.18,0.0,6.07,56.05,313888997376.0,2026-05-27,yfinance
KNRCON,2,2,1,2,2,7.88,0.78,9.87,0.0,-1.09,-1.09,0.0,16.71,169.28,37035782144.0,2026-05-27,yfinance
KPIL,7,6,2,2,2,20.91,3.13,14.95,0.0,-1.75,-1.75,0.0,60.96,407.78,217632538624.0,2026-05-27,yfinance
KPRMILL,3,3,4,2,2,36.97,5.99,16.21,0.0,-0.92,-0.92,0.0,25.36,156.47,321132036096.0,2026-05-27,yfinance
KRBL,3,3,2,2,2,12.73,1.5,11.82,0.0,-1.25,-1.25,0.0,28.31,239.54,82457583616.0,2026-05-27,yfinance
KRSNAA,2,2,1,2,2,22.0,1.89,8.61,0.0,-1.91,-1.91,0.0,24.48,284.46,17466603520.0,2026-05-27,yfinance
KSB,5,5,4,2,2,54.79,8.43,15.4,0.0,0.28,0.28,0.0,14.85,96.46,141598294016.0,2026-05-27,yfinance
LATENTVIEW,3,3,2,2,2,33.11,3.74,11.28,0.0,0.36,0.36,0.0,9.57,84.84,65574522880.0,2026-05-27,yfinance
LAURUSLABS,7,6,4,2,2,88.23,14.08,15.95,0.0,0.57,0.57,0.0,15.66,98.16,746099572736.0,2026-05-27,yfinance
LEMONTREE,3,3,4,2,2,43.01,7.66,17.8,0.0,2.02,2.02,0.0,2.78,15.62,94689140736.0,2026-05-27,yfinance
LINDEINDIA,6,6,4,2,2,105.42,16.21,15.37,0.0,0.14,0.14,0.0,68.86,447.91,619078156288.0,2026-05-27,yfinance
LLOYDSME,7,6,6,2,2,27.78,7.11,25.58,0.0,0.28,0.28,0.0,66.92,261.59,1045679636480.0,2026-05-27,yfinance
LTF,6,6,2,2,2,23.73,2.67,11.26,0.0,-0.35,-0.35,0.0,11.87,105.45,705785430016.0,2026-05-27,yfinance
LXCHEM,3,3,1,2,2,52.75,2.11,4.0,0.0,-0.32,-0.32,0.0,2.87,71.79,41969827840.0,2026-05-27,yfinance
MAHLIFE,3,3,1,2,2,23.42,2.01,8.59,0.0,0.23,0.23,0.0,14.61,170.0,72984543232.0,2026-05-27,yfinance
MAHLOG,5,5,1,2,2,1396.0,4.39,0.31,0.0,-1.36,-1.36,0.0,0.25,79.47,34628644864.0,2026-05-27,yfinance
MAHSEAMLES,5,5,2,2,2,12.14,1.3,10.68,0.0,0.73,0.73,0.0,52.34,489.93,85116321792.0,2026-05-27,yfinance
MANKIND,6,6,2,2,2,52.29,6.54,12.5,0.0,-0.13,-0.13,0.0,46.29,370.26,999405322240.0,2026-05-27,yfinance
MANYAVAR,2,2,5,2,2,26.95,5.87,21.78,0.0,0.27,0.27,0.0,15.44,70.89,101102837760.0,2026-05-27,yfinance
MAPMYINDIA,2,2,2,2,2,34.59,5.11,14.78,0.0,0.31,0.31,0.0,24.44,165.41,46294999040.0,2026-05-27,yfinance
MASTEK,3,3,2,2,2,12.61,1.64,12.98,0.0,0.01,0.01,0.0,129.43,997.28,50605678592.0,2026-05-27,yfinance
MCX,7,6,6,2,2,60.44,19.1,31.61,0.0,-4.5,-4.5,0.0,52.26,165.34,803882795008.0,2026-05-27,yfinance
MEDPLUS,5,5,2,2,2,48.27,5.36,11.1,0.0,-0.07,-0.07,0.0,18.27,164.55,105897656320.0,2026-05-27,yfinance
METROBRAND,3,3,5,2,2,70.02,15.75,22.49,0.0,-0.59,-0.59,0.0,15.03,66.84,286828199936.0,2026-05-27,yfinance
METROPOLIS,6,6,2,2,2,58.34,7.33,12.57,0.0,-0.87,-0.87,0.0,9.19,73.13,111161040896.0,2026-05-27,yfinance
MGL,3,3,2,2,2,12.95,1.76,13.55,0.0,0.66,0.66,0.0,85.16,628.59,108971638784.0,2026-05-27,yfinance
MHRIL,2,2,1,2,2,63.72,5.68,8.92,0.0,-0.71,-0.71,0.0,3.44,38.56,44203515904.0,2026-05-27,yfinance
MMTC,5,5,2,2,2,37.49,5.14,13.71,0.0,1.46,1.46,0.0,1.76,12.84,98984992768.0,2026-05-27,yfinance
MOIL,3,3,2,2,2,21.23,2.28,10.72,0.0,0.46,0.46,0.0,14.27,133.1,61656018944.0,2026-05-27,yfinance
MOTILALOFS,5,5,4,2,2,27.24,4.16,15.27,0.0,2.71,2.71,0.0,32.82,214.92,538288128000.0,2026-05-27,yfinance
MRF,2,2,2,2,2,22.2,2.57,11.57,0.0,-0.09,-0.09,0.0,5722.2,49454.86,538794819584.0,2026-05-27,yfinance
MRPL,3,3,2,2,2,13.7,1.98,14.45,0.0,-0.52,-0.52,0.0,10.98,76.0,263608385536.0,2026-05-27,yfinance
MSUMI,3,3,6,2,2,42.23,12.29,29.1,0.0,1.2,1.2,0.0,0.94,3.23,263276986368.0,2026-05-27,yfinance
NAM-INDIA,7,6,6,2,2,46.0,14.89,32.36,0.0,-0.62,-0.62,0.0,23.67,73.15,695244095488.0,2026-05-27,yfinance
NATCOPHARM,7,6,4,2,2,13.53,2.43,18.0,0.0,-0.86,-0.86,0.0,86.93,482.88,210597396480.0,2026-05-27,yfinance
NATIONALUM,7,6,6,2,2,12.96,3.68,28.41,0.0,4.05,4.05,0.0,33.42,117.63,795353350144.0,2026-05-27,yfinance
NAZARA,5,5,6,2,2,10.64,3.08,28.91,0.0,-0.36,-0.36,0.0,27.2,94.1,107249623040.0,2026-05-27,yfinance
NBCC,5,5,5,2,2,37.12,8.91,24.0,0.0,3.72,3.72,0.0,2.67,11.12,267570003968.0,2026-05-27,yfinance
NCC,2,2,1,2,2,14.14,1.27,8.98,0.0,1.4,1.4,0.0,10.76,119.81,95526854656.0,2026-05-27,yfinance
NETWORK18,2,2,1,2,2,31.59,0.97,3.07,0.0,-0.6,-0.6,0.0,0.99,32.23,48296128512.0,2026-05-27,yfinance
NH,5,5,4,2,2,48.11,9.61,19.97,0.0,1.52,1.52,0.0,39.91,199.87,389992316928.0,2026-05-27,yfinance
NIITTECH,3,3,3,2,2,0.0,0.0,0.0,0.0,0.0,0.0,0.0,0.0,0.0,0.0,2026-05-27,neutral-fallback
NLCINDIA,6,6,4,2,2,13.77,2.25,16.37,0.0,1.89,1.89,0.0,25.41,155.24,485184176128.0,2026-05-27,yfinance
NOCIL,5,5,1,2,2,50.95,1.59,3.12,0.0,0.77,0.77,0.0,3.32,106.4,28250595328.0,2026-05-27,yfinance
NSLNISP,6,6,3,2,2,0.0,1.04,0.0,0.0,1.77,1.77,0.0,-2.76,44.26,134837166080.0,2026-05-27,yfinance
NUVAMA,6,6,6,2,2,27.45,7.31,26.62,0.0,1.57,1.57,0.0,56.0,210.38,280046501888.0,2026-05-27,yfinance
NUVOCO,3,3,1,2,2,33.01,1.16,3.51,0.0,1.3,1.3,0.0,10.05,286.39,118486556672.0,2026-05-27,yfinance
OFSS,7,6,6,2,2,34.06,11.45,33.62,0.0,4.22,4.22,0.0,302.39,899.35,896719060992.0,2026-05-27,yfinance
OIL,6,6,2,2,2,11.99,1.37,11.41,0.0,-0.83,-0.83,0.0,40.7,356.62,793784549376.0,2026-05-27,yfinance
OLECTRA,5,5,2,2,2,70.32,8.97,12.76,0.0,-0.17,-0.17,0.0,17.46,136.8,100778729472.0,2026-05-27,yfinance
PARAS,6,6,2,2,2,77.67,10.16,13.08,0.0,-1.34,-1.34,0.0,10.9,83.32,68229263360.0,2026-05-27,yfinance
PATANJALI,2,2,2,2,2,30.04,4.08,13.6,0.0,-2.36,-2.36,0.0,15.14,111.35,494713274368.0,2026-05-27,yfinance
PCBL,3,3,1,2,2,56.04,2.83,5.05,0.0,-0.73,-0.73,0.0,5.13,101.53,113120493568.0,2026-05-27,yfinance
PEL,3,3,3,2,2,0.0,0.0,0.0,0.0,0.0,0.0,0.0,0.0,0.0,0.0,2026-05-27,neutral-fallback
PETRONET,5,5,4,2,2,10.69,1.88,17.56,0.0,-0.5,-0.5,0.0,26.09,148.59,418200027136.0,2026-05-27,yfinance
PNBHOUSING,7,6,2,2,2,12.27,1.46,11.91,0.0,-1.35,-1.35,0.0,87.85,737.64,280889884672.0,2026-05-27,yfinance
PNCINFRA,3,3,2,2,2,6.53,0.82,12.56,0.0,0.25,0.25,0.0,32.42,258.15,54314471424.0,2026-05-27,yfinance
POLYCAB,7,6,5,3,3,54.63,12.12,22.18,0.1,0.53,0.53,65.0,176.89,797.64,1454920171520.0,2026-05-27,yfinance
POLYMED,2,2,2,2,2,41.81,4.62,11.05,0.0,-7.61,-7.61,0.0,31.82,287.91,134998179840.0,2026-05-27,yfinance
POONAWALLA,2,2,1,2,2,57.84,3.08,5.33,0.0,-0.52,-0.52,0.0,6.82,127.94,345443926016.0,2026-05-27,yfinance
PPLPHARMA,5,5,3,2,2,0.0,2.86,0.0,0.0,-2.58,-2.58,0.0,-2.47,61.03,230823411712.0,2026-05-27,yfinance
PRAJIND,5,5,1,2,2,135.14,5.42,4.01,0.0,-2.55,-2.55,0.0,2.84,70.85,70547464192.0,2026-05-27,yfinance
PRINCEPIPE,3,3,1,2,2,40.17,1.86,4.62,0.0,-0.37,-0.37,0.0,6.63,143.47,29453582336.0,2026-05-27,yfinance
PRSMJOHNSN,2,2,1,2,2,83.85,3.94,4.69,0.0,-2.59,-2.59,0.0,1.45,30.9,61198094336.0,2026-05-27,yfinance
PVRINOX,2,2,1,2,2,53.21,1.32,2.48,0.0,-1.02,-1.02,0.0,18.0,724.6,94055923712.0,2026-05-27,yfinance
QUESS,3,3,4,2,2,14.34,2.73,19.0,0.0,4.16,4.16,0.0,14.86,78.21,31831494656.0,2026-05-27,yfinance
RAILTEL,3,3,2,2,2,32.69,4.6,14.07,0.0,0.08,0.08,0.0,9.92,70.52,104080318464.0,2026-05-27,yfinance
RAINBOW,5,5,4,2,2,50.19,9.21,18.36,0.0,0.86,0.86,0.0,27.44,149.47,139693146112.0,2026-05-27,yfinance
RAJESHEXPO,3,3,1,2,2,21.46,0.22,1.01,0.0,3.1,3.1,0.0,5.69,560.99,36057149440.0,2026-05-27,yfinance
RAMCOCEM,2,2,1,2,2,29.96,2.77,9.26,0.0,-0.54,-0.54,0.0,29.6,319.66,209544085504.0,2026-05-27,yfinance
RATNAMANI,5,5,2,2,2,37.65,4.41,11.71,0.0,0.14,0.14,0.0,68.72,586.82,181349040128.0,2026-05-27,yfinance
RAYMOND,5,5,1,2,2,104.72,1.09,1.04,0.0,-3.6,-3.6,0.0,5.08,488.48,35405361152.0,2026-05-27,yfinance
RBA,3,3,3,2,2,0.0,4.99,0.0,0.0,1.65,1.65,0.0,-3.19,13.85,40259264512.0,2026-05-27,yfinance
RBLBANK,7,6,1,2,2,24.73,1.29,5.2,0.0,1.16,1.16,0.0,14.08,270.57,215614734336.0,2026-05-27,yfinance
RCF,5,5,1,2,2,17.12,1.49,8.69,0.0,0.45,0.45,0.0,7.75,89.23,73197977600.0,2026-05-27,yfinance
REDINGTON,3,3,2,2,2,11.69,1.72,14.68,0.0,-0.76,-0.76,0.0,19.06,129.82,174179336192.0,2026-05-27,yfinance
RELAXO,3,3,1,2,2,44.74,3.55,7.93,0.0,0.17,0.17,0.0,6.75,85.17,75179458560.0,2026-05-27,yfinance
RENUKA,2,2,3,2,2,0.0,-1.87,0.0,0.0,0.47,0.47,0.0,-3.72,-12.48,49806659584.0,2026-05-27,yfinance
RHIM,5,5,1,2,2,49.87,2.14,4.28,0.0,2.17,2.17,0.0,8.31,193.95,85574189056.0,2026-05-27,yfinance
RITES,3,3,4,2,2,24.12,3.76,15.61,0.0,0.33,0.33,0.0,8.54,54.71,98985156608.0,2026-05-27,yfinance
RKFORGE,5,5,1,2,2,144.05,3.11,2.16,0.0,-0.57,-0.57,0.0,3.93,181.76,102727376896.0,2026-05-27,yfinance
ROUTE,2,2,1,2,2,13.57,1.17,8.63,0.0,0.14,0.14,0.0,37.94,439.56,32430835712.0,2026-05-27,yfinance
RRKABEL,7,6,4,2,2,44.85,8.57,19.11,0.0,-1.34,-1.34,0.0,43.5,227.62,220668837888.0,2026-05-27,yfinance
RTNINDIA,3,3,3,2,2,0.0,4.73,0.0,0.0,1.23,1.23,0.0,-2.98,7.48,48855801856.0,2026-05-27,yfinance
SAFARI,2,2,4,2,2,44.68,7.16,16.04,0.0,-0.83,-0.83,0.0,34.2,213.27,74860306432.0,2026-05-27,yfinance
SAIL,7,6,1,2,2,25.22,1.47,5.81,0.0,1.09,1.09,0.0,8.17,140.57,851136020480.0,2026-05-27,yfinance
SAMMAANCAP,6,6,3,2,2,0.0,0.75,0.0,0.0,3.35,3.35,0.0,-87.71,232.31,198624591872.0,2026-05-27,yfinance
SANOFI,2,2,6,2,2,23.95,9.91,41.38,0.0,0.81,0.81,0.0,134.61,325.31,74236903424.0,2026-05-27,yfinance
SAPPHIRE,2,2,3,2,2,0.0,4.18,0.0,0.0,-1.59,-1.59,0.0,-1.0,43.62,58592129024.0,2026-05-27,yfinance
SAREGAMA,3,3,2,2,2,38.89,4.82,12.4,0.0,5.37,5.37,0.0,10.73,86.54,80104693760.0,2026-05-27,yfinance
SBFC,3,3,2,2,2,22.14,2.88,13.03,0.0,-1.21,-1.21,0.0,4.1,31.47,100389003264.0,2026-05-27,yfinance
SCHNEIDER,7,6,6,2,2,135.19,50.0,36.98,0.0,0.06,0.06,0.0,10.19,27.55,329389703168.0,2026-05-27,yfinance
SHARDAMOTR,3,3,6,2,2,14.36,4.24,29.51,0.0,-0.61,-0.61,0.0,58.76,199.09,48455000064.0,2026-05-27,yfinance
SHOPERSTOP,3,3,3,2,2,0.0,13.33,0.0,0.0,5.95,5.95,0.0,-3.27,26.52,38929096704.0,2026-05-27,yfinance
SHREECEM,3,3,4,2,2,52.54,9.95,18.93,0.0,0.87,0.87,0.0,483.46,2553.78,916450967552.0,2026-05-27,yfinance
SIGNATURE,2,2,6,2,2,10.3,15.49,150.38,0.0,-0.18,-0.18,0.0,77.8,51.73,112605265920.0,2026-05-27,yfinance
SKFINDIA,2,2,1,2,2,31.43,3.04,9.66,0.0,-1.31,-1.31,0.0,53.72,556.08,83466117120.0,2026-05-27,yfinance
SOBHA,5,5,1,2,2,104.57,3.16,3.02,0.0,-1.69,-1.69,0.0,13.34,441.49,149200601088.0,2026-05-27,yfinance
SONACOMS,7,6,2,2,2,60.18,6.73,11.18,0.0,1.76,1.76,0.0,10.28,91.92,384848953344.0,2026-05-27,yfinance
SONATSOFTW,3,3,5,2,2,15.87,3.87,24.36,0.0,-1.61,-1.61,0.0,16.75,68.76,73558130688.0,2026-05-27,yfinance
SPARC,7,6,6,2,2,4.62,5.37,116.05,0.0,-6.04,-6.04,0.0,47.87,41.25,71832854528.0,2026-05-27,yfinance
STARHEALTH,6,6,1,2,2,55.28,4.06,7.34,0.0,0.11,0.11,0.0,9.49,129.3,308705918976.0,2026-05-27,yfinance
STLTECH,7,6,1,2,2,436.45,12.13,2.78,0.0,5.0,5.0,0.0,1.17,42.09,249282805760.0,2026-05-27,yfinance
SUDARSCHEM,3,3,1,2,2,348.35,2.17,0.62,0.0,-2.42,-2.42,0.0,2.81,451.31,76964601856.0,2026-05-27,yfinance
SUMICHEM,5,5,4,2,2,45.63,7.74,16.96,0.0,1.32,1.32,0.0,10.86,64.03,247326703616.0,2026-05-27,yfinance
SUNDARMFIN,2,2,2,2,2,23.32,3.17,13.6,0.0,0.97,0.97,0.0,186.74,1372.76,479933693952.0,2026-05-27,yfinance
SUNDRMFAST,3,3,2,2,2,30.93,4.51,14.59,0.0,0.21,0.21,0.0,28.13,192.8,182822191104.0,2026-05-27,yfinance
SUNTECK,2,2,1,2,2,21.54,1.32,6.13,0.0,-0.32,-0.32,0.0,13.94,227.48,44081979392.0,2026-05-27,yfinance
SUNTV,2,2,2,2,2,14.03,1.64,11.65,0.0,3.99,3.99,0.0,36.55,313.62,202126000128.0,2026-05-27,yfinance
SUPRAJIT,6,6,2,2,2,35.65,4.78,13.4,0.0,0.18,0.18,0.0,13.31,99.33,65080856576.0,2026-05-27,yfinance
SUPRIYA,7,6,4,2,2,35.04,6.0,17.13,0.0,3.37,3.37,0.0,23.04,134.51,64969740288.0,2026-05-27,yfinance
SUVENPHAR,3,3,3,2,2,0.0,0.0,0.0,0.0,0.0,0.0,0.0,0.0,0.0,0.0,2026-05-27,neutral-fallback
SUZLON,5,5,6,2,2,24.9,10.07,40.43,0.0,5.4,5.4,0.0,2.31,5.71,789063073792.0,2026-05-27,yfinance
SWANENERGY,3,3,3,2,2,0.0,0.0,0.0,0.0,0.0,0.0,0.0,0.0,0.0,0.0,2026-05-27,neutral-fallback
SWSOLAR,3,3,3,2,2,0.0,6.87,0.0,0.0,-0.38,-0.38,0.0,-13.25,27.81,44645908480.0,2026-05-27,yfinance
SYNGENE,3,3,1,2,2,58.58,3.91,6.67,0.0,-1.04,-1.04,0.0,7.86,117.84,185012224000.0,2026-05-27,yfinance
SYRMA,7,6,2,2,2,62.28,6.99,11.22,0.0,-0.33,-0.33,0.0,16.92,150.84,202988208128.0,2026-05-27,yfinance
TANLA,3,3,5,2,2,13.67,2.77,20.3,0.0,-1.31,-1.31,0.0,38.25,188.45,69106958336.0,2026-05-27,yfinance
TATACOMM,7,6,6,2,2,53.78,19.69,36.62,0.0,-2.12,-2.12,0.0,36.57,99.88,560480976896.0,2026-05-27,yfinance
TATAINVEST,3,3,1,2,2,79.96,1.09,1.36,0.0,-1.69,-1.69,0.0,8.54,628.67,345489965056.0,2026-05-27,yfinance
TATATECH,6,6,4,2,2,53.35,8.19,15.34,0.0,1.9,1.9,0.0,13.49,87.92,292255825920.0,2026-05-27,yfinance
TBOTEK,3,3,4,2,2,54.2,9.45,17.43,0.0,0.82,0.82,0.0,22.6,129.68,130810380288.0,2026-05-27,yfinance
TEJASNET,5,5,3,2,2,0.0,2.99,0.0,0.0,-1.43,-1.43,0.0,-51.34,165.03,87725768704.0,2026-05-27,yfinance
TIMKEN,7,6,2,2,2,65.95,9.89,14.99,0.0,0.89,0.89,0.0,55.15,367.85,273563009024.0,2026-05-27,yfinance
TITAGARH,6,6,1,2,2,62.9,4.51,7.17,0.0,3.75,3.75,0.0,13.47,187.79,114095611904.0,2026-05-27,yfinance
TMB,6,6,2,2,2,8.04,1.06,13.23,0.0,-0.59,-0.59,0.0,84.49,638.57,107528552448.0,2026-05-27,yfinance
TRIDENT,3,3,1,2,2,33.34,2.7,8.09,0.0,0.9,0.9,0.0,0.74,9.14,125708066816.0,2026-05-27,yfinance
TRITURBINE,7,6,5,2,2,65.5,15.79,24.1,0.0,4.16,4.16,0.0,10.98,45.55,228614176768.0,2026-05-27,yfinance
TRIVENI,5,5,1,2,2,27.23,2.71,9.96,0.0,1.07,1.07,0.0,14.01,140.62,83563315200.0,2026-05-27,yfinance
TTML,3,3,3,2,2,0.0,-0.42,0.0,0.0,0.28,0.28,0.0,-1.1,-102.17,84198735872.0,2026-05-27,yfinance
TVSMOTOR,5,5,6,2,2,53.24,19.82,37.22,0.0,-2.03,-2.03,0.0,63.57,170.79,1608450834432.0,2026-05-27,yfinance
TVSSCS,5,5,1,2,2,46.68,2.69,5.77,0.0,-1.99,-1.99,0.0,2.59,44.89,53343080448.0,2026-05-27,yfinance
UBL,2,2,1,2,2,85.94,8.15,9.49,0.0,-0.29,-0.29,0.0,15.59,164.32,354250031104.0,2026-05-27,yfinance
UCOBANK,3,3,1,2,2,11.56,0.96,8.35,0.0,0.51,0.51,0.0,2.21,26.47,320260341760.0,2026-05-27,yfinance
UJJIVANSFB,5,5,2,2,2,15.52,1.55,10.01,0.0,-1.66,-1.66,0.0,3.51,35.05,105952534528.0,2026-05-27,yfinance
UPL,3,3,1,2,2,29.37,1.6,5.43,0.0,0.18,0.18,0.0,22.34,411.05,554633199616.0,2026-05-27,yfinance
USHAMART,7,6,2,2,2,35.62,4.71,13.23,0.0,6.17,6.17,0.0,14.33,108.35,155381137408.0,2026-05-27,yfinance
UTIAMC,2,2,1,2,2,30.28,2.78,9.19,0.0,-0.07,-0.07,0.0,31.44,342.28,122366984192.0,2026-05-27,yfinance
VAIBHAVGBL,5,5,2,2,2,18.36,2.63,14.3,0.0,0.06,0.06,0.0,12.4,86.69,38014337024.0,2026-05-27,yfinance
VARROC,5,5,2,2,2,50.85,5.33,10.48,0.0,2.19,2.19,0.0,11.55,110.26,89739042816.0,2026-05-27,yfinance
VGUARD,3,3,2,2,2,44.99,6.31,14.03,0.0,0.29,0.29,0.0,7.01,49.98,137746087936.0,2026-05-27,yfinance
VIJAYA,6,6,4,2,2,75.31,14.99,19.91,0.0,0.14,0.14,0.0,16.75,84.14,129793933312.0,2026-05-27,yfinance
VIPIND,2,2,3,2,2,0.0,9.07,0.0,0.0,-1.79,-1.79,0.0,-23.78,32.66,42097061888.0,2026-05-27,yfinance
VMART,5,5,2,2,2,56.53,6.22,11.01,0.0,0.09,0.09,0.0,11.76,106.79,52879532032.0,2026-05-27,yfinance
VTL,7,6,1,2,2,22.76,1.67,7.33,0.0,-0.53,-0.53,0.0,26.16,356.74,172267307008.0,2026-05-27,yfinance
WELCORP,7,6,4,2,2,22.43,4.43,19.73,0.0,4.09,4.09,0.0,61.2,310.14,362039148544.0,2026-05-27,yfinance
WELSPUNLIV,6,6,1,2,2,65.16,2.88,4.43,0.0,0.46,0.46,0.0,2.14,48.34,133292580864.0,2026-05-27,yfinance
WESTLIFE,2,2,1,2,2,227.82,11.73,5.15,0.0,0.13,0.13,0.0,2.06,40.02,72842756096.0,2026-05-27,yfinance
WHIRLPOOL,2,2,1,2,2,36.67,1.32,3.6,0.0,-0.65,-0.65,0.0,23.17,643.45,107825176576.0,2026-05-27,yfinance
YESBANK,6,6,1,2,2,20.32,1.44,7.11,0.0,-0.31,-0.31,0.0,1.12,15.75,714342793216.0,2026-05-27,yfinance
ZEEL,3,3,1,2,2,32.43,0.76,2.36,0.0,10.49,10.49,0.0,2.82,119.63,87849107456.0,2026-05-27,yfinance
ZENSARTECH,2,2,4,2,2,14.58,2.36,16.19,0.0,0.73,0.73,0.0,33.7,208.17,111384780800.0,2026-05-27,yfinance
ZENTEC,5,5,2,2,2,78.93,8.48,10.75,0.0,5.78,5.78,0.0,21.48,199.84,152484364288.0,2026-05-27,yfinance
ZFCVINDIA,5,5,2,2,2,54.59,7.64,14.0,0.0,-0.11,-0.11,0.0,272.38,1945.73,282010025984.0,2026-05-27,yfinance
ZYDUSLIFE,7,6,4,2,2,21.69,4.32,19.91,0.0,0.63,0.63,0.0,50.07,251.49,1092568940544.0,2026-05-27,yfinance
